atomicNumber, symbol, name,atomicMass, atomicRadius,period,group,summary, category,block,phase,boilingPoint,meltingPoint, electronicConfiguration, electronegativity, oxidationStates, ionizationEnergy, electronAffinity,density,discoveryYear,discoveredBy,bohr_model_image,bohr_model_3d
1, H , Hydrogen,1.008,37,1,1,"Hydrogen is a chemical element with chemical symbol H and atomic number 1. With an atomic weight of 1.00794 u, hydrogen is the lightest element on the periodic table. Its monatomic form (H) is the most abundant chemical substance in the Universe, constituting roughly 75% of all baryonic mass.",nonmetal,s,Gas,20.271,13.99,1s1 ,2.2,"-1, 1",1312,-73,0.08988,1766,Cavendish,https://storage.googleapis.com/search-ar-edu/periodic-table/element_001_hydrogen/element_001_hydrogen_srp_th.png,https://storage.googleapis.com/search-ar-edu/periodic-table/element_001_hydrogen/element_001_hydrogen.glb
2, He , Helium,4.0026022,32,1,18,"Helium is a chemical element with symbol He and atomic number 2. It is a colorless, odorless, tasteless, non-toxic, inert, monatomic gas that heads the noble gas group in the periodic table. Its boiling and melting points are the lowest among all the elements.",noble gas,s,Gas,4.222,0.95,1s2 ,,,2372,0,0.1786,1868,Janssen,https://storage.googleapis.com/search-ar-edu/periodic-table/element_002_helium/element_002_helium_srp_th.png,https://storage.googleapis.com/search-ar-edu/periodic-table/element_002_helium/element_002_helium.glb
3, Li , Lithium,6.94,134,2,1,"Lithium (from Greek:λίθος lithos, ""stone"") is a chemical element with the symbol Li and atomic number 3. It is a soft, silver-white metal belonging to the alkali metal group of chemical elements. Under standard conditions it is the lightest metal and the least dense solid element.",alkali metal,s,Solid,1603,453.65,[He] 2s1 ,0.98,1,520,-60,0.534,1817,Arfvedson,https://storage.googleapis.com/search-ar-edu/periodic-table/element_003_lithium/element_003_lithium_srp_th.png,https://storage.googleapis.com/search-ar-edu/periodic-table/element_003_lithium/element_003_lithium.glb
4, Be , Beryllium,9.01218315,90,2,2,Beryllium is a chemical element with symbol Be and atomic number 4. It is created through stellar nucleosynthesis and is a relatively rare element in the universe. It is a divalent element which occurs naturally only in combination with other elements in minerals.,alkaline earth metal,s,Solid,2742,1560,[He] 2s2 ,1.57,2,900,0,1.85,1798,Vaulquelin,https://storage.googleapis.com/search-ar-edu/periodic-table/element_004_beryllium/element_004_beryllium_srp_th.png,https://storage.googleapis.com/search-ar-edu/periodic-table/element_004_beryllium/element_004_beryllium.glb
5, B , Boron,10.81,82,2,13,"Boron is a metalloid chemical element with symbol B and atomic number 5. Produced entirely by cosmic ray spallation and supernovae and not by stellar nucleosynthesis, it is a low-abundance element in both the Solar system and the Earth's crust. Boron is concentrated on Earth by the water-solubility of its more common naturally occurring compounds, the borate minerals.",metalloid,p,Solid,4200,2349,[He] 2s2 2p1 ,2.04,"1, 2, 3",801,-27,2.08,1807,Gay-Lussac,https://storage.googleapis.com/search-ar-edu/periodic-table/element_005_boron/element_005_boron_srp_th.png,https://storage.googleapis.com/search-ar-edu/periodic-table/element_005_boron/element_005_boron.glb
6, C , Carbon,12.011,77,2,14,"Carbon (from Latin:carbo ""coal"") is a chemical element with symbol C and atomic number 6. On the periodic table, it is the first (row 2) of six elements in column (group) 14, which have in common the composition of their outer electron shell. It is nonmetallic and tetravalent—making four electrons available to form covalent chemical bonds.",nonmetal,p,Solid,,,[He] 2s2 2p2 ,2.55,"-4, -3, -2, -1, 1, 2, 3, 4",1087,-154,1.821,Ancient,Prehistoric,https://storage.googleapis.com/search-ar-edu/periodic-table/element_006_carbon/element_006_carbon_srp_th.png,https://storage.googleapis.com/search-ar-edu/periodic-table/element_006_carbon/element_006_carbon.glb
7, N , Nitrogen,14.007,75,2,15,"Nitrogen is a chemical element with symbol N and atomic number 7. It is the lightest pnictogen and at room temperature, it is a transparent, odorless diatomic gas. Nitrogen is a common element in the universe, estimated at about seventh in total abundance in the Milky Way and the Solar System.",nonmetal,p,Gas,77.355,63.15,[He] 2s2 2p3 ,3.04,"-3, -2, -1, 1, 2, 3, 4, 5",1402,-7,1.251,1772,Rutherford,https://storage.googleapis.com/search-ar-edu/periodic-table/element_007_nitrogen/element_007_nitrogen_srp_th.png,https://storage.googleapis.com/search-ar-edu/periodic-table/element_007_nitrogen/element_007_nitrogen.glb
8, O , Oxygen,15.999,73,2,16,"Oxygen is a chemical element with symbol O and atomic number 8. It is a member of the chalcogen group on the periodic table and is a highly reactive nonmetal and oxidizing agent that readily forms compounds (notably oxides) with most elements. By mass, oxygen is the third-most abundant element in the universe, after hydrogen and helium.",nonmetal,p,Gas,90.188,54.36,[He] 2s2 2p4 ,3.44,"-2, -1, 1, 2",1314,-141,1.429,1774,Priestley/Scheele,https://storage.googleapis.com/search-ar-edu/periodic-table/element_008_oxygen/element_008_oxygen_srp_th.png,https://storage.googleapis.com/search-ar-edu/periodic-table/element_008_oxygen/element_008_oxygen.glb
9, F , Fluorine,18.9984031636,71,2,17,"Fluorine is a chemical element with symbol F and atomic number 9. It is the lightest halogen and exists as a highly toxic pale yellow diatomic gas at standard conditions. As the most electronegative element, it is extremely reactive:almost all other elements, including some noble gases, form compounds with fluorine.",halogen,p,Gas,85.03,53.48,[He] 2s2 2p5 ,3.98,-1,1681,-328,1.696,1670,Moissan,https://storage.googleapis.com/search-ar-edu/periodic-table/element_009_fluorine/element_009_fluorine_srp_th.png,https://storage.googleapis.com/search-ar-edu/periodic-table/element_009_fluorine/element_009_fluorine.glb
10, Ne , Neon,20.17976,69,2,18,"Neon is a chemical element with symbol Ne and atomic number 10. It is in group 18 (noble gases) of the periodic table. Neon is a colorless, odorless, inert monatomic gas under standard conditions, with about two-thirds the density of air.",noble gas,p,Gas,27.104,24.56,[He] 2s2 2p6 ,,,2081,0,0.9002,1898,Ramsay and Travers,https://storage.googleapis.com/search-ar-edu/periodic-table/element_010_neon/element_010_neon_srp_th.png,https://storage.googleapis.com/search-ar-edu/periodic-table/element_010_neon/element_010_neon.glb
11, Na , Sodium,22.989769282,154,3,1,"Sodium /ˈsoʊdiəm/ is a chemical element with symbol Na (from Ancient Greek Νάτριο) and atomic number 11. It is a soft, silver-white, highly reactive metal. In the Periodic table it is in column 1 (alkali metals), and shares with the other six elements in that column that it has a single electron in its outer shell, which it readily donates, creating a positively charged atom - a cation.",alkali metal,s,Solid,1156.09,370.944,[Ne] 3s1 ,0.93,"-1, 1",496,-53,0.968,1807,Davy,https://storage.googleapis.com/search-ar-edu/periodic-table/element_011_sodium/element_011_sodium_srp_th.png,https://storage.googleapis.com/search-ar-edu/periodic-table/element_011_sodium/element_011_sodium.glb
12, Mg , Magnesium,24.305,130,3,2,"Magnesium is a chemical element with symbol Mg and atomic number 12. It is a shiny gray solid which bears a close physical resemblance to the other five elements in the second column (Group 2, or alkaline earth metals) of the periodic table:they each have the same electron configuration in their outer electron shell producing a similar crystal structure. Magnesium is the ninth most abundant element in the universe.",alkaline earth metal,s,Solid,1363,923,[Ne] 3s2 ,1.31,"1, 2",738,0,1.738,1808,Black,https://storage.googleapis.com/search-ar-edu/periodic-table/element_012_magnesium/element_012_magnesium_srp_th.png,https://storage.googleapis.com/search-ar-edu/periodic-table/element_012_magnesium/element_012_magnesium.glb
13, Al , Aluminum,26.98153857,118,3,13,"Aluminium (or aluminum; see different endings) is a chemical element in the boron group with symbol Al and atomic number 13. It is a silvery-white, soft, nonmagnetic, ductile metal. Aluminium is the third most abundant element (after oxygen and silicon), and the most abundant metal, in the Earth's crust.",metal,p,Solid,2743,933.47,[Ne] 3s2 3p1 ,1.61,"1, 3",578,-43,2.7,Ancient,Wöhler,https://storage.googleapis.com/search-ar-edu/periodic-table/element_013_aluminum/element_013_aluminum_srp_th.png,https://storage.googleapis.com/search-ar-edu/periodic-table/element_013_aluminum/element_013_aluminum.glb
14, Si , Silicon,28.085,111,3,14,"Silicon is a chemical element with symbol Si and atomic number 14. It is a tetravalent metalloid, more reactive than germanium, the metalloid directly below it in the table. Controversy about silicon's character dates to its discovery.",metalloid,p,Solid,3538,1687,[Ne] 3s2 3p2 ,1.9,"-4, -3, -2, -1, 1, 2, 3, 4",787,-134,2.329,1854,Berzelius,https://storage.googleapis.com/search-ar-edu/periodic-table/element_014_silicon/element_014_silicon_srp_th.png,https://storage.googleapis.com/search-ar-edu/periodic-table/element_014_silicon/element_014_silicon.glb
15, P , Phosphorus,30.9737619985,106,3,15,"Phosphorus is a chemical element with symbol P and atomic number 15. As an element, phosphorus exists in two major forms—white phosphorus and red phosphorus—but due to its high reactivity, phosphorus is never found as a free element on Earth. Instead phosphorus-containing minerals are almost always present in their maximally oxidised state, as inorganic phosphate rocks.",nonmetal,p,Solid,,,[Ne] 3s2 3p3 ,2.19,"-3, -2, -1, 1, 2, 3, 4, 5",1012,-72,1.823,1669,BranBrand,https://storage.googleapis.com/search-ar-edu/periodic-table/element_015_phosphorus/element_015_phosphorus_srp_th.png,https://storage.googleapis.com/search-ar-edu/periodic-table/element_015_phosphorus/element_015_phosphorus.glb
16, S , Sulfur,32.06,102,3,16,"Sulfur or sulphur (see spelling differences) is a chemical element with symbol S and atomic number 16. It is an abundant, multivalent non-metal. Under normal conditions, sulfur atoms form cyclic octatomic molecules with chemical formula S8.",nonmetal,p,Solid,717.8,388.36,[Ne] 3s2 3p4 ,2.58,"-2, -1, 1, 2, 3, 4, 5, 6",1000,-200,2.07,Ancient,Prehistoric,https://storage.googleapis.com/search-ar-edu/periodic-table/element_016_sulfur/element_016_sulfur_srp_th.png,https://storage.googleapis.com/search-ar-edu/periodic-table/element_016_sulfur/element_016_sulfur.glb
17, Cl , Chlorine,35.45,99,3,17,Chlorine is a chemical element with symbol Cl and atomic number 17. It also has a relative atomic mass of 35.5. Chlorine is in the halogen group (17) and is the second lightest halogen following fluorine.,halogen,p,Gas,239.11,171.6,[Ne] 3s2 3p5 ,3.16,"-1, 1, 2, 3, 4, 5, 6, 7",1251,-349,3.2,1774,Scheele,https://storage.googleapis.com/search-ar-edu/periodic-table/element_017_chlorine/element_017_chlorine_srp_th.png,https://storage.googleapis.com/search-ar-edu/periodic-table/element_017_chlorine/element_017_chlorine.glb
18, Ar , Argon,39.9481,97,3,18,"Argon is a chemical element with symbol Ar and atomic number 18. It is in group 18 of the periodic table and is a noble gas. Argon is the third most common gas in the Earth's atmosphere, at 0.934% (9,340 ppmv), making it over twice as abundant as the next most common atmospheric gas, water vapor (which averages about 4000 ppmv, but varies greatly), and 23 times as abundant as the next most common non-condensing atmospheric gas, carbon dioxide (400 ppmv), and more than 500 times as abundant as the next most common noble gas, neon (18 ppmv).",noble gas,p,Gas,87.302,83.81,[Ne] 3s2 3p6 ,,,1521,0,1.784,1894,Rayleigh and Ramsay,https://storage.googleapis.com/search-ar-edu/periodic-table/element_018_argon/element_018_argon_srp_th.png,https://storage.googleapis.com/search-ar-edu/periodic-table/element_018_argon/element_018_argon.glb
19, K , Potassium,39.09831,196,4,1,"Potassium is a chemical element with symbol K (derived from Neo-Latin, kalium) and atomic number 19. It was first isolated from potash, the ashes of plants, from which its name is derived. In the Periodic table, potassium is one of seven elements in column (group) 1 (alkali metals):they all have a single valence electron in their outer electron shell, which they readily give up to create an atom with a positive charge - a cation, and combine with anions to form salts.",alkali metal,s,Solid,1032,336.7,[Ar] 4s1 ,0.82,1,419,-48,0.862,1807,Davy,https://storage.googleapis.com/search-ar-edu/periodic-table/element_019_potassium/element_019_potassium_srp_th.png,https://storage.googleapis.com/search-ar-edu/periodic-table/element_019_potassium/element_019_potassium.glb
20, Ca , Calcium,40.0784,174,4,2,"Calcium is a chemical element with symbol Ca and atomic number 20. Calcium is a soft gray alkaline earth metal, fifth-most-abundant element by mass in the Earth's crust. The ion Ca2+ is also the fifth-most-abundant dissolved ion in seawater by both molarity and mass, after sodium, chloride, magnesium, and sulfate.",alkaline earth metal,s,Solid,1757,1115,[Ar] 4s2 ,1,2,590,-2,1.55,Ancient,Davy,https://storage.googleapis.com/search-ar-edu/periodic-table/element_020_calcium/element_020_calcium_srp_th.png,https://storage.googleapis.com/search-ar-edu/periodic-table/element_020_calcium/element_020_calcium.glb
21, Sc , Scandium,44.9559085,144,4,3,"Scandium is a chemical element with symbol Sc and atomic number 21. A silvery-white metallic d-block element, it has historically been sometimes classified as a rare earth element, together with yttrium and the lanthanoids. It was discovered in 1879 by spectral analysis of the minerals euxenite and gadolinite from Scandinavia.",transition metal,d,Solid,3109,1814,[Ar] 3d1 4s2 ,1.36,"1, 2, 3",633,-18,2.985,1876,Nilson,https://storage.googleapis.com/search-ar-edu/periodic-table/element_021_scandium/element_021_scandium_srp_th.png,https://storage.googleapis.com/search-ar-edu/periodic-table/element_021_scandium/element_021_scandium.glb
22, Ti , Titanium,47.8671,136,4,4,"Titanium is a chemical element with symbol Ti and atomic number 22. It is a lustrous transition metal with a silver color, low density and high strength. It is highly resistant to corrosion in sea water, aqua regia and chlorine.",transition metal,d,Solid,3560,1941,[Ar] 3d2 4s2 ,1.54,"-1, 2, 3, 4",659,-8,4.506,1791,Gregor,https://storage.googleapis.com/search-ar-edu/periodic-table/element_022_titanium/element_022_titanium_srp_th.png,https://storage.googleapis.com/search-ar-edu/periodic-table/element_022_titanium/element_022_titanium.glb
23, V , Vanadium,50.94151,125,4,5,"Vanadium is a chemical element with symbol V and atomic number 23. It is a hard, silvery grey, ductile and malleable transition metal. The element is found only in chemically combined form in nature, but once isolated artificially, the formation of an oxide layer stabilizes the free metal somewhat against further oxidation.",transition metal,d,Solid,3680,2183,[Ar] 3d3 4s2 ,1.63,"-1, 2, 3, 4",651,-51,6,1803,   del Rio,https://storage.googleapis.com/search-ar-edu/periodic-table/element_023_vanadium/element_023_vanadium_srp_th.png,https://storage.googleapis.com/search-ar-edu/periodic-table/element_023_vanadium/element_023_vanadium.glb
24, Cr , Chromium,51.99616,127,4,6,"Chromium is a chemical element with symbol Cr and atomic number 24. It is the first element in Group 6. It is a steely-gray, lustrous, hard and brittle metal which takes a high polish, resists tarnishing, and has a high melting point.",transition metal,d,Solid,2944,2180,[Ar] 3d5 4s1 ,1.66,"-2, -1, 1, 2, 3, 4, 5, 6",653,-64,7.19,Ancient,Vauquelin,https://storage.googleapis.com/search-ar-edu/periodic-table/element_024_chromium/element_024_chromium_srp_th.png,https://storage.googleapis.com/search-ar-edu/periodic-table/element_024_chromium/element_024_chromium.glb
25, Mn , Manganese,54.9380443,139,4,7,"Manganese is a chemical element with symbol Mn and atomic number 25. It is not found as a free element in nature; it is often found in combination with iron, and in many minerals. Manganese is a metal with important industrial metal alloy uses, particularly in stainless steels.",transition metal,d,Solid,2334,1519,[Ar] 3d5 4s2 ,1.55,"-3, -2, -1, 1, 2, 3, 4, 5, 6, 7",717,0,7.21,1774,"Gahn, Scheele",https://storage.googleapis.com/search-ar-edu/periodic-table/element_025_manganese/element_025_manganese_srp_th.png,https://storage.googleapis.com/search-ar-edu/periodic-table/element_025_manganese/element_025_manganese.glb
26, Fe , Iron,55.8452,125,4,8,"Iron is a chemical element with symbol Fe (from Latin:ferrum) and atomic number 26. It is a metal in the first transition series. It is by mass the most common element on Earth, forming much of Earth's outer and inner core.",transition metal,d,Solid,3134,1811,[Ar] 3d6 4s2 ,1.83,"-2, -1, 1, 2, 3, 4, 5, 6",763,-16,7.874,Ancient,Prehistoric,https://storage.googleapis.com/search-ar-edu/periodic-table/element_026_iron/element_026_iron_srp_th.png,https://storage.googleapis.com/search-ar-edu/periodic-table/element_026_iron/element_026_iron.glb
27, Co , Cobalt,58.9331944,126,4,9,"Cobalt is a chemical element with symbol Co and atomic number 27. Like nickel, cobalt in the Earth's crust is found only in chemically combined form, save for small deposits found in alloys of natural meteoric iron. The free element, produced by reductive smelting, is a hard, lustrous, silver-gray metal.",transition metal,d,Solid,3200,1768,[Ar] 3d7 4s2 ,1.88,"-1, 1, 2, 3, 4, 5",760,-64,8.9,Ancient,Brandt,https://storage.googleapis.com/search-ar-edu/periodic-table/element_027_cobalt/element_027_cobalt_srp_th.png,https://storage.googleapis.com/search-ar-edu/periodic-table/element_027_cobalt/element_027_cobalt.glb
28, Ni , Nickel,58.69344,121,4,10,Nickel is a chemical element with symbol Ni and atomic number 28. It is a silvery-white lustrous metal with a slight golden tinge. Nickel belongs to the transition metals and is hard and ductile.,transition metal,d,Solid,3003,1728,[Ar] 3d8 4s2 ,1.91,"-1, 1, 2, 3, 4",737,-112,8.908,1751,Cronstedt,https://storage.googleapis.com/search-ar-edu/periodic-table/element_028_nickel/element_028_nickel_srp_th.png,https://storage.googleapis.com/search-ar-edu/periodic-table/element_028_nickel/element_028_nickel.glb
29, Cu , Copper,63.5463,138,4,11,"Copper is a chemical element with symbol Cu (from Latin:cuprum) and atomic number 29. It is a soft, malleable and ductile metal with very high thermal and electrical conductivity. A freshly exposed surface of pure copper has a reddish-orange color.",transition metal,d,Solid,2835,1357.77,[Ar] 3d10 4s1 ,1.9,"1, 2, 3, 4",746,-118,8.96,Ancient,Prehistoric,https://storage.googleapis.com/search-ar-edu/periodic-table/element_029_copper/element_029_copper_srp_th.png,https://storage.googleapis.com/search-ar-edu/periodic-table/element_029_copper/element_029_copper.glb
30, Zn , Zinc,65.382,131,4,12,"Zinc, in commerce also spelter, is a chemical element with symbol Zn and atomic number 30. It is the first element of group 12 of the periodic table. In some respects zinc is chemically similar to magnesium:its ion is of similar size and its only common oxidation state is +2.",transition metal,d,Solid,1180,692.68,[Ar] 3d10 4s2 ,1.65,2,906,0,7.14,1746,Prehistoric,https://storage.googleapis.com/search-ar-edu/periodic-table/element_030_zinc/element_030_zinc_srp_th.png,https://storage.googleapis.com/search-ar-edu/periodic-table/element_030_zinc/element_030_zinc.glb
31, Ga , Gallium,69.7231,126,4,13,"Gallium is a chemical element with symbol Ga and atomic number 31. Elemental gallium does not occur in free form in nature, but as the gallium(III) compounds that are in trace amounts in zinc ores and in bauxite. Gallium is a soft, silvery metal, and elemental gallium is a brittle solid at low temperatures, and melts at 29.76 °C (85.57 °F) (slightly above room temperature).",metal,p,Solid,2673,302.9146,[Ar] 3d10 4s2 4p1 ,1.81,"1, 2, 3",579,-29,5.91,1875,de Boisbaudran,https://storage.googleapis.com/search-ar-edu/periodic-table/element_031_gallium/element_031_gallium_srp_th.png,https://storage.googleapis.com/search-ar-edu/periodic-table/element_031_gallium/element_031_gallium.glb
32, Ge , Germanium,72.6308,122,4,14,"Germanium is a chemical element with symbol Ge and atomic number 32. It is a lustrous, hard, grayish-white metalloid in the carbon group, chemically similar to its group neighbors tin and silicon. Purified germanium is a semiconductor, with an appearance most similar to elemental silicon.",metalloid,p,Solid,3106,1211.4,[Ar] 3d10 4s2 4p2 ,2.01,"-4, 1, 2, 3, 4",762,-119,5.323,1886,Winkler,https://storage.googleapis.com/search-ar-edu/periodic-table/element_032_germanium/element_032_germanium_srp_th.png,https://storage.googleapis.com/search-ar-edu/periodic-table/element_032_germanium/element_032_germanium.glb
33, As , Arsenic,74.9215956,119,4,15,"Arsenic is a chemical element with symbol As and atomic number 33. Arsenic occurs in many minerals, usually in conjunction with sulfur and metals, and also as a pure elemental crystal. Arsenic is a metalloid.",metalloid,p,Solid,,,[Ar] 3d10 4s2 4p3 ,2.18,"-3, 2, 3, 5",947,-78,5.727,Ancient,Albertus Magnus,https://storage.googleapis.com/search-ar-edu/periodic-table/element_033_arsenic/element_033_arsenic_srp_th.png,https://storage.googleapis.com/search-ar-edu/periodic-table/element_033_arsenic/element_033_arsenic.glb
34, Se , Selenium,78.9718,116,4,16,"Selenium is a chemical element with symbol Se and atomic number 34. It is a nonmetal with properties that are intermediate between those of its periodic table column-adjacent chalcogen elements sulfur and tellurium. It rarely occurs in its elemental state in nature, or as pure ore compounds.",nonmetal,p,Solid,958,494,[Ar] 3d10 4s2 4p4 ,2.55,"-2, 2, 4, 6",941,-195,4.81,1817,Berzelius,https://storage.googleapis.com/search-ar-edu/periodic-table/element_034_selenium/element_034_selenium_srp_th.png,https://storage.googleapis.com/search-ar-edu/periodic-table/element_034_selenium/element_034_selenium.glb
35, Br , Bromine,79.904,114,4,17,"Bromine (from Ancient Greek:βρῶμος, brómos, meaning ""stench"") is a chemical element with symbol Br, and atomic number 35. It is a halogen. The element was isolated independently by two chemists, Carl Jacob Löwig and Antoine Jerome Balard, in 1825–1826.",halogen,p,Liquid,332,265.8,[Ar] 3d10 4s2 4p5 ,2.96,"-1, 1, 3, 4, 5, 7",1140,-325,3.1028,1826,Balard,https://storage.googleapis.com/search-ar-edu/periodic-table/element_035_bromine/element_035_bromine_srp_th.png,https://storage.googleapis.com/search-ar-edu/periodic-table/element_035_bromine/element_035_bromine.glb
36, Kr , Krypton,83.7982,110,4,18,"Krypton (from Greek:κρυπτός kryptos ""the hidden one"") is a chemical element with symbol Kr and atomic number 36. It is a member of group 18 (noble gases) elements. A colorless, odorless, tasteless noble gas, krypton occurs in trace amounts in the atmosphere, is isolated by fractionally distilling liquefied air, and is often used with other rare gases in fluorescent lamps.",noble gas,p,Gas,119.93,115.78,[Ar] 3d10 4s2 4p6 ,,2,1351,0,3.749,1898,Ramsay and Travers,https://storage.googleapis.com/search-ar-edu/periodic-table/element_036_krypton/element_036_krypton_srp_th.png,https://storage.googleapis.com/search-ar-edu/periodic-table/element_036_krypton/element_036_krypton.glb
37, Rb , Rubidium,85.46783,211,5,1,"Rubidium is a chemical element with symbol Rb and atomic number 37. Rubidium is a soft, silvery-white metallic element of the alkali metal group, with an atomic mass of 85.4678. Elemental rubidium is highly reactive, with properties similar to those of other alkali metals, such as very rapid oxidation in air.",alkali metal,s,Solid,961,312.45,[Kr] 5s1 ,0.82,1,403,-47,1.532,1861,Bunsen and Kirchoff,https://storage.googleapis.com/search-ar-edu/periodic-table/element_037_rubidium/element_037_rubidium_srp_th.png,https://storage.googleapis.com/search-ar-edu/periodic-table/element_037_rubidium/element_037_rubidium.glb
38, Sr , Strontium,87.621,192,5,2,"Strontium is a chemical element with symbol Sr and atomic number 38. An alkaline earth metal, strontium is a soft silver-white or yellowish metallic element that is highly reactive chemically. The metal turns yellow when it is exposed to air.",alkaline earth metal,s,Solid,1650,1050,[Kr] 5s2 ,0.95,2,550,-5,2.64,1790,Davy,https://storage.googleapis.com/search-ar-edu/periodic-table/element_038_strontium/element_038_strontium_srp_th.png,https://storage.googleapis.com/search-ar-edu/periodic-table/element_038_strontium/element_038_strontium.glb
39, Y , Yttrium,88.905842,162,5,3,"Yttrium is a chemical element with symbol Y and atomic number 39. It is a silvery-metallic transition metal chemically similar to the lanthanides and it has often been classified as a ""rare earth element"". Yttrium is almost always found combined with the lanthanides in rare earth minerals and is never found in nature as a free element.",transition metal,d,Solid,3203,1799,[Kr] 4d1 5s2 ,1.22,"1, 2, 3",600,-30,4.472,1794,Gadolin,https://storage.googleapis.com/search-ar-edu/periodic-table/element_039_yttrium/element_039_yttrium_srp_th.png,https://storage.googleapis.com/search-ar-edu/periodic-table/element_039_yttrium/element_039_yttrium.glb
40, Zr , Zirconium,91.2242,148,5,4,"Zirconium is a chemical element with symbol Zr and atomic number 40. The name of zirconium is taken from the name of the mineral zircon, the most important source of zirconium. The word zircon comes from the Persian word zargun زرگون, meaning ""gold-colored"".",transition metal,d,Solid,4650,2128,[Kr] 4d2 5s2 ,1.33,"1, 2, 3, 4",640,-41,6.52,1789,Klaproth,https://storage.googleapis.com/search-ar-edu/periodic-table/element_040_zirconium/element_040_zirconium_srp_th.png,https://storage.googleapis.com/search-ar-edu/periodic-table/element_040_zirconium/element_040_zirconium.glb
41, Nb , Niobium,92.906372,137,5,5,"Niobium, formerly columbium, is a chemical element with symbol Nb (formerly Cb) and atomic number 41. It is a soft, grey, ductile transition metal, which is often found in the pyrochlore mineral, the main commercial source for niobium, and columbite. The name comes from Greek mythology:Niobe, daughter of Tantalus since it is so similar to tantalum.",transition metal,d,Solid,5017,2750,[Kr] 4d4 5s1 ,1.6,"-1, 2, 3, 4, 5",652,-86,8.57,1801,Hatchett,https://storage.googleapis.com/search-ar-edu/periodic-table/element_041_niobium/element_041_niobium_srp_th.png,https://storage.googleapis.com/search-ar-edu/periodic-table/element_041_niobium/element_041_niobium.glb
42, Mo , Molybdenum,95.951,145,5,6,"Molybdenum is a chemical element with symbol Mo and atomic number 42. The name is from Neo-Latin molybdaenum, from Ancient Greek Μόλυβδος molybdos, meaning lead, since its ores were confused with lead ores. Molybdenum minerals have been known throughout history, but the element was discovered (in the sense of differentiating it as a new entity from the mineral salts of other metals) in 1778 by Carl Wilhelm Scheele.",transition metal,d,Solid,4912,2896,[Kr] 4d5 5s1 ,2.16,"-2, -1, 1, 2, 3, 4, 5, 6",684,-72,10.28,1778,Scheele,https://storage.googleapis.com/search-ar-edu/periodic-table/element_042_molybdenum/element_042_molybdenum_srp_th.png,https://storage.googleapis.com/search-ar-edu/periodic-table/element_042_molybdenum/element_042_molybdenum.glb
43, Tc , Technetium,98,156,5,7,"Technetium (/tɛkˈniːʃiəm/) is a chemical element with symbol Tc and atomic number 43. It is the element with the lowest atomic number in the periodic table that has no stable isotopes:every form of it is radioactive. Nearly all technetium is produced synthetically, and only minute amounts are found in nature.",transition metal,d,Solid,4538,2430,[Kr] 4d5 5s2 ,1.9,"-3, -1, 1, 2, 3, 4, 5, 6, 7",702,-53,11,1937,Perrier and Segre,https://storage.googleapis.com/search-ar-edu/periodic-table/element_043_technetium/element_043_technetium_srp_th.png,https://storage.googleapis.com/search-ar-edu/periodic-table/element_043_technetium/element_043_technetium.glb
44, Ru , Ruthenium,101.072,126,5,8,"Ruthenium is a chemical element with symbol Ru and atomic number 44. It is a rare transition metal belonging to the platinum group of the periodic table. Like the other metals of the platinum group, ruthenium is inert to most other chemicals.",transition metal,d,Solid,4423,2607,[Kr] 4d7 5s1 ,2.2,"-2, 1, 2, 3, 4, 5, 6, 7, 8",710,-101,12.45,1827,Klaus,https://storage.googleapis.com/search-ar-edu/periodic-table/element_044_ruthenium/element_044_ruthenium_srp_th.png,https://storage.googleapis.com/search-ar-edu/periodic-table/element_044_ruthenium/element_044_ruthenium.glb
45, Rh , Rhodium,102.905502,135,5,9,"Rhodium is a chemical element with symbol Rh and atomic number 45. It is a rare, silvery-white, hard, and chemically inert transition metal. It is a member of the platinum group.",transition metal,d,Solid,3968,2237,[Kr] 4d8 5s1 ,2.28,"-1, 1, 2, 3, 4, 5, 6",720,-110,12.41,1803,Wollaston,https://storage.googleapis.com/search-ar-edu/periodic-table/element_045_rhodium/element_045_rhodium_srp_th.png,https://storage.googleapis.com/search-ar-edu/periodic-table/element_045_rhodium/element_045_rhodium.glb
46, Pd , Palladium,106.421,131,5,10,"Palladium is a chemical element with symbol Pd and atomic number 46. It is a rare and lustrous silvery-white metal discovered in 1803 by William Hyde Wollaston. He named it after the asteroid Pallas, which was itself named after the epithet of the Greek goddess Athena, acquired by her when she slew Pallas.",transition metal,d,Solid,3236,1828.05,[Kr] 4d10 ,2.2,"2, 4",804,-54,12.023,1803,Wollaston,https://storage.googleapis.com/search-ar-edu/periodic-table/element_046_palladium/element_046_palladium_srp_th.png,https://storage.googleapis.com/search-ar-edu/periodic-table/element_046_palladium/element_046_palladium.glb
47, Ag , Silver,107.86822,153,5,11,"Silver is a chemical element with symbol Ag (Greek:άργυρος árguros, Latin:argentum, both from the Indo-European root *h₂erǵ- for ""grey"" or ""shining"") and atomic number 47. A soft, white, lustrous transition metal, it possesses the highest electrical conductivity, thermal conductivity and reflectivity of any metal. The metal occurs naturally in its pure, free form (native silver), as an alloy with gold and other metals, and in minerals such as argentite and chlorargyrite.",transition metal,d,Solid,2435,1234.93,[Kr] 4d10 5s1 ,1.93,"1, 2, 3",731,-126,10.49,Ancient,Prehistoric,https://storage.googleapis.com/search-ar-edu/periodic-table/element_047_silver/element_047_silver_srp_th.png,https://storage.googleapis.com/search-ar-edu/periodic-table/element_047_silver/element_047_silver.glb
48, Cd , Cadmium,112.4144,148,5,12,"Cadmium is a chemical element with symbol Cd and atomic number 48. This soft, bluish-white metal is chemically similar to the two other stable metals in group 12, zinc and mercury. Like zinc, it prefers oxidation state +2 in most of its compounds and like mercury it shows a low melting point compared to transition metals.",transition metal,d,Solid,1040,594.22,[Kr] 4d10 5s2 ,1.69,2,868,0,8.65,1817,Stromeyer,https://storage.googleapis.com/search-ar-edu/periodic-table/element_048_cadmium/element_048_cadmium_srp_th.png,https://storage.googleapis.com/search-ar-edu/periodic-table/element_048_cadmium/element_048_cadmium.glb
49, In , Indium,114.8181,144,5,13,"Indium is a chemical element with symbol In and atomic number 49. It is a post-transition metallic element that is rare in Earth's crust. The metal is very soft, malleable and easily fusible, with a melting point higher than sodium, but lower than lithium or tin.",metal,p,Solid,2345,429.7485,[Kr] 4d10 5s2 5p1 ,1.78,"1, 2, 3",558,-29,7.31,1863,Reich and Richter,https://storage.googleapis.com/search-ar-edu/periodic-table/element_049_indium/element_049_indium_srp_th.png,https://storage.googleapis.com/search-ar-edu/periodic-table/element_049_indium/element_049_indium.glb
50, Sn , Tin,118.7107,141,5,14,"Tin is a chemical element with the symbol Sn (for Latin:stannum) and atomic number 50. It is a main group metal in group 14 of the periodic table. Tin shows a chemical similarity to both neighboring group-14 elements, germanium and lead, and has two possible oxidation states, +2 and the slightly more stable +4.",metal,p,Solid,2875,505.08,[Kr] 4d10 5s2 5p2 ,1.96,"-4, 2, 4",709,-107,7.365,Ancient,Prehistoric,https://storage.googleapis.com/search-ar-edu/periodic-table/element_050_tin/element_050_tin_srp_th.png,https://storage.googleapis.com/search-ar-edu/periodic-table/element_050_tin/element_050_tin.glb
51, Sb , Antimony,121.7601,138,5,15,"Antimony is a chemical element with symbol Sb (from Latin:stibium) and atomic number 51. A lustrous gray metalloid, it is found in nature mainly as the sulfide mineral stibnite (Sb2S3). Antimony compounds have been known since ancient times and were used for cosmetics; metallic antimony was also known, but it was erroneously identified as lead upon its discovery.",metalloid,p,Solid,1908,903.78,[Kr] 4d10 5s2 5p3 ,2.05,"-3, 3, 5",834,-103,6.697,Ancient,Early historic times,https://storage.googleapis.com/search-ar-edu/periodic-table/element_051_antimony/element_051_antimony_srp_th.png,https://storage.googleapis.com/search-ar-edu/periodic-table/element_051_antimony/element_051_antimony.glb
52, Te , Tellurium,127.603,135,5,16,"Tellurium is a chemical element with symbol Te and atomic number 52. It is a brittle, mildly toxic, rare, silver-white metalloid. Tellurium is chemically related to selenium and sulfur.",metalloid,p,Solid,1261,722.66,[Kr] 4d10 5s2 5p4 ,2.1,"-2, 2, 4, 5, 6",869,-190,6.24,1782,von Reichenstein,https://storage.googleapis.com/search-ar-edu/periodic-table/element_052_tellurium/element_052_tellurium_srp_th.png,https://storage.googleapis.com/search-ar-edu/periodic-table/element_052_tellurium/element_052_tellurium.glb
53, I , Iodine,126.904473,133,5,17,"Iodine is a chemical element with symbol I and atomic number 53. The name is from Greek ἰοειδής ioeidēs, meaning violet or purple, due to the color of iodine vapor. Iodine and its compounds are primarily used in nutrition, and industrially in the production of acetic acid and certain polymers.",halogen,p,Solid,457.4,386.85,[Kr] 4d10 5s2 5p5 ,2.66,"-1, 1, 3, 5, 7",1008,-295,4.933,1811,Courtois,https://storage.googleapis.com/search-ar-edu/periodic-table/element_053_iodine/element_053_iodine_srp_th.png,https://storage.googleapis.com/search-ar-edu/periodic-table/element_053_iodine/element_053_iodine.glb
54, Xe , Xenon,131.2936,130,5,18,"Xenon is a chemical element with symbol Xe and atomic number 54. It is a colorless, dense, odorless noble gas, that occurs in the Earth's atmosphere in trace amounts. Although generally unreactive, xenon can undergo a few chemical reactions such as the formation of xenon hexafluoroplatinate, the first noble gas compound to be synthesized.",noble gas,p,Gas,165.051,161.4,[Kr] 4d10 5s2 5p6 ,,"2, 4, 6, 8",1170,0,5.894,1898,Ramsay and Travers,https://storage.googleapis.com/search-ar-edu/periodic-table/element_054_xenon/element_054_xenon_srp_th.png,https://storage.googleapis.com/search-ar-edu/periodic-table/element_054_xenon/element_054_xenon.glb
55, Cs , Cesium,132.905451966,225,6,1,"Caesium or cesium is a chemical element with symbol Cs and atomic number 55. It is a soft, silvery-gold alkali metal with a melting point of 28 °C (82 °F), which makes it one of only five elemental metals that are liquid at or near room temperature. Caesium is an alkali metal and has physical and chemical properties similar to those of rubidium and potassium.",alkali metal,s,Solid,944,301.7,[Xe] 6s1 ,0.79,1,376,-46,1.93,1860,Bunsen and Kirchoff,https://storage.googleapis.com/search-ar-edu/periodic-table/element_055_cesium/element_055_cesium_srp_th.png,https://storage.googleapis.com/search-ar-edu/periodic-table/element_055_cesium/element_055_cesium.glb
56, Ba , Barium,137.3277,198,6,2,"Barium is a chemical element with symbol Ba and atomic number 56. It is the fifth element in Group 2, a soft silvery metallic alkaline earth metal. Because of its high chemical reactivity barium is never found in nature as a free element.",alkaline earth metal,s,Solid,2118,1000,[Xe] 6s2 ,0.89,2,503,-14,3.51,1808,Davy,https://storage.googleapis.com/search-ar-edu/periodic-table/element_056_barium/element_056_barium_srp_th.png,https://storage.googleapis.com/search-ar-edu/periodic-table/element_056_barium/element_056_barium.glb
57, La , Lanthanum,138.905477,169,6,3,"Lanthanum is a soft, ductile, silvery-white metallic chemical element with symbol La and atomic number 57. It tarnishes rapidly when exposed to air and is soft enough to be cut with a knife. It gave its name to the lanthanide series, a group of 15 similar elements between lanthanum and lutetium in the periodic table:it is also sometimes considered the first element of the 6th-period transition metals.",lanthanoid,f,Solid,3737,1193,[Xe] 5d1 6s2 ,1.1,"2, 3",538,-48,6.162,1839,Mosander,https://storage.googleapis.com/search-ar-edu/periodic-table/element_057_lanthanum/element_057_lanthanum_srp_th.png,https://storage.googleapis.com/search-ar-edu/periodic-table/element_057_lanthanum/element_057_lanthanum.glb
58, Ce , Cerium,140.1161,,6,3,"Cerium is a chemical element with symbol Ce and atomic number 58. It is a soft, silvery, ductile metal which easily oxidizes in air. Cerium was named after the dwarf planet Ceres (itself named after the Roman goddess of agriculture).",lanthanoid,f,Solid,3716,1068,[Xe] 4f1 5d1 6s2 ,1.12,"2, 3, 4",534,-50,6.77,1803,Berzelius,https://storage.googleapis.com/search-ar-edu/periodic-table/element_058_cerium/element_058_cerium_srp_th.png,https://storage.googleapis.com/search-ar-edu/periodic-table/element_058_cerium/element_058_cerium.glb
59, Pr , Praseodymium,140.907662,,6,3,"Praseodymium is a chemical element with symbol Pr and atomic number 59. Praseodymium is a soft, silvery, malleable and ductile metal in the lanthanide group. It is valued for its magnetic, electrical, chemical, and optical properties.",lanthanoid,f,Solid,3403,1208,[Xe] 4f3 6s2 ,1.13,"2, 3, 4",527,-50,6.77,1885,von Welsbach,https://storage.googleapis.com/search-ar-edu/periodic-table/element_059_praseodymium/element_059_praseodymium_srp_th.png,https://storage.googleapis.com/search-ar-edu/periodic-table/element_059_praseodymium/element_059_praseodymium.glb
60, Nd , Neodymium,144.2423,,6,3,Neodymium is a chemical element with symbol Nd and atomic number 60. It is a soft silvery metal that tarnishes in air. Neodymium was discovered in 1885 by the Austrian chemist Carl Auer von Welsbach.,lanthanoid,f,Solid,3347,1297,[Xe] 4f4 6s2 ,1.14,"2, 3",533,-50,7.01,1885,von Welsbach,https://storage.googleapis.com/search-ar-edu/periodic-table/element_060_neodymium/element_060_neodymium_srp_th.png,https://storage.googleapis.com/search-ar-edu/periodic-table/element_060_neodymium/element_060_neodymium.glb
61, Pm , Promethium,145,,6,3,"Promethium, originally prometheum, is a chemical element with the symbol Pm and atomic number 61. All of its isotopes are radioactive; it is one of only two such elements that are followed in the periodic table by elements with stable forms, a distinction shared with technetium. Chemically, promethium is a lanthanide, which forms salts when combined with other elements.",lanthanoid,f,Solid,3273,1315,[Xe] 4f5 6s2 ,1.13,3,540,-50,7.26,1947,Marinsky et al.,https://storage.googleapis.com/search-ar-edu/periodic-table/element_061_promethium/element_061_promethium_srp_th.png,https://storage.googleapis.com/search-ar-edu/periodic-table/element_061_promethium/element_061_promethium.glb
62, Sm , Samarium,150.362,,6,3,"Samarium is a chemical element with symbol Sm and atomic number 62. It is a moderately hard silvery metal that readily oxidizes in air. Being a typical member of the lanthanide series, samarium usually assumes the oxidation state +3.",lanthanoid,f,Solid,2173,1345,[Xe] 4f6 6s2 ,1.17,"2, 3",545,-50,7.52,1853,Boisbaudran,https://storage.googleapis.com/search-ar-edu/periodic-table/element_062_samarium/element_062_samarium_srp_th.png,https://storage.googleapis.com/search-ar-edu/periodic-table/element_062_samarium/element_062_samarium.glb
63, Eu , Europium,151.9641,,6,3,"Europium is a chemical element with symbol Eu and atomic number 63. It was isolated in 1901 and is named after the continent of Europe. It is a moderately hard, silvery metal which readily oxidizes in air and water.",lanthanoid,f,Solid,1802,1099,[Xe] 4f7 6s2 ,1.2,"2, 3",547,-50,5.264,1901,Demarcay,https://storage.googleapis.com/search-ar-edu/periodic-table/element_063_europium/element_063_europium_srp_th.png,https://storage.googleapis.com/search-ar-edu/periodic-table/element_063_europium/element_063_europium.glb
64, Gd , Gadolinium,157.253,,6,3,"Gadolinium is a chemical element with symbol Gd and atomic number 64. It is a silvery-white, malleable and ductile rare-earth metal. It is found in nature only in combined (salt) form.",lanthanoid,f,Solid,3273,1585,[Xe] 4f7 5d1 6s2 ,1.2,"1, 2, 3",593,-50,7.9,1880,de Marignac,https://storage.googleapis.com/search-ar-edu/periodic-table/element_064_gadolinium/element_064_gadolinium_srp_th.png,https://storage.googleapis.com/search-ar-edu/periodic-table/element_064_gadolinium/element_064_gadolinium.glb
65, Tb , Terbium,158.925352,,6,3,"Terbium is a chemical element with symbol Tb and atomic number 65. It is a silvery-white rare earth metal that is malleable, ductile and soft enough to be cut with a knife. Terbium is never found in nature as a free element, but it is contained in many minerals, including cerite, gadolinite, monazite, xenotime and euxenite.",lanthanoid,f,Solid,3396,1629,[Xe] 4f9 6s2 ,1.2,"1, 3, 4",566,-50,8.23,1843,Mosander,https://storage.googleapis.com/search-ar-edu/periodic-table/element_065_terbium/element_065_terbium_srp_th.png,https://storage.googleapis.com/search-ar-edu/periodic-table/element_065_terbium/element_065_terbium.glb
66, Dy , Dysprosium,162.5001,,6,3,"Dysprosium is a chemical element with the symbol Dy and atomic number 66. It is a rare earth element with a metallic silver luster. Dysprosium is never found in nature as a free element, though it is found in various minerals, such as xenotime.",lanthanoid,f,Solid,2840,1680,[Xe] 4f10 6s2 ,1.22,"2, 3",573,-50,8.54,1886,de Boisbaudran,https://storage.googleapis.com/search-ar-edu/periodic-table/element_066_dysprosium/element_066_dysprosium_srp_th.png,https://storage.googleapis.com/search-ar-edu/periodic-table/element_066_dysprosium/element_066_dysprosium.glb
67, Ho , Holmium,164.930332,,6,3,"Holmium is a chemical element with symbol Ho and atomic number 67. Part of the lanthanide series, holmium is a rare earth element. Holmium was discovered by Swedish chemist Per Theodor Cleve.",lanthanoid,f,Solid,2873,1734,[Xe] 4f11 6s2 ,1.23,3,581,-50,8.79,1878,Delafontaine and Soret,https://storage.googleapis.com/search-ar-edu/periodic-table/element_067_holmium/element_067_holmium_srp_th.png,https://storage.googleapis.com/search-ar-edu/periodic-table/element_067_holmium/element_067_holmium.glb
68, Er , Erbium,167.2593,,6,3,"Erbium is a chemical element in the lanthanide series, with symbol Er and atomic number 68. A silvery-white solid metal when artificially isolated, natural erbium is always found in chemical combination with other elements on Earth. As such, it is a rare earth element which is associated with several other rare elements in the mineral gadolinite from Ytterby in Sweden, where yttrium, ytterbium, and terbium were discovered.",lanthanoid,f,Solid,3141,1802,[Xe] 4f12 6s2 ,1.24,3,589,-50,9.066,1842,Mosander,https://storage.googleapis.com/search-ar-edu/periodic-table/element_068_erbium/element_068_erbium_srp_th.png,https://storage.googleapis.com/search-ar-edu/periodic-table/element_068_erbium/element_068_erbium.glb
69, Tm , Thulium,168.934222,,6,3,"Thulium is a chemical element with symbol Tm and atomic number 69. It is the thirteenth and antepenultimate (third-last) element in the lanthanide series. Like the other lanthanides, the most common oxidation state is +3, seen in its oxide, halides and other compounds.",lanthanoid,f,Solid,2223,1818,[Xe] 4f13 6s2 ,1.25,"2, 3",597,-50,9.32,1879,Cleve,https://storage.googleapis.com/search-ar-edu/periodic-table/element_069_thulium/element_069_thulium_srp_th.png,https://storage.googleapis.com/search-ar-edu/periodic-table/element_069_thulium/element_069_thulium.glb
70, Yb , Ytterbium,173.0451,,6,3,"Ytterbium is a chemical element with symbol Yb and atomic number 70. It is the fourteenth and penultimate element in the lanthanide series, which is the basis of the relative stability of its +2 oxidation state. However, like the other lanthanides, its most common oxidation state is +3, seen in its oxide, halides and other compounds.",lanthanoid,f,Solid,1469,1097,[Xe] 4f14 6s2 ,1.1,"2, 3",603,-50,6.9,1878,Marignac,https://storage.googleapis.com/search-ar-edu/periodic-table/element_070_ytterbium/element_070_ytterbium_srp_th.png,https://storage.googleapis.com/search-ar-edu/periodic-table/element_070_ytterbium/element_070_ytterbium.glb
71, Lu , Lutetium,174.96681,160,6,3,"Lutetium is a chemical element with symbol Lu and atomic number 71. It is a silvery white metal, which resists corrosion in dry, but not in moist air. It is considered the first element of the 6th-period transition metals and the last element in the lanthanide series, and is traditionally counted among the rare earths.",lanthanoid,d,Solid,3675,1925,[Xe] 4f14 5d1 6s2 ,1.27,3,524,-50,9.841,1907,Urbain/ von Welsbach,https://storage.googleapis.com/search-ar-edu/periodic-table/element_071_lutetium/element_071_lutetium_srp_th.png,https://storage.googleapis.com/search-ar-edu/periodic-table/element_071_lutetium/element_071_lutetium.glb
72, Hf , Hafnium,178.492,150,6,4,"Hafnium is a chemical element with symbol Hf and atomic number 72. A lustrous, silvery gray, tetravalent transition metal, hafnium chemically resembles zirconium and is found in zirconium minerals. Its existence was predicted by Dmitri Mendeleev in 1869, though it was not identified until 1923, making it the penultimate stable element to be discovered (rhenium was identified two years later).",transition metal,d,Solid,4876,2506,[Xe] 4f14 5d2 6s2 ,1.3,"2, 3, 4",659,0,13.31,1923,Coster and von Hevesy,https://storage.googleapis.com/search-ar-edu/periodic-table/element_072_hafnium/element_072_hafnium_srp_th.png,https://storage.googleapis.com/search-ar-edu/periodic-table/element_072_hafnium/element_072_hafnium.glb
73, Ta , Tantalum,180.947882,138,6,5,"Tantalum is a chemical element with symbol Ta and atomic number 73. Previously known as tantalium, its name comes from Tantalus, an antihero from Greek mythology. Tantalum is a rare, hard, blue-gray, lustrous transition metal that is highly corrosion-resistant.",transition metal,d,Solid,5731,3290,[Xe] 4f14 5d3 6s2 ,1.5,"-1, 2, 3, 4, 5",761,-31,16.69,1802,Ekeberg,https://storage.googleapis.com/search-ar-edu/periodic-table/element_073_tantalum/element_073_tantalum_srp_th.png,https://storage.googleapis.com/search-ar-edu/periodic-table/element_073_tantalum/element_073_tantalum.glb
74, W , Tungsten,183.841,146,6,6,"Tungsten, also known as wolfram, is a chemical element with symbol W and atomic number 74. The word tungsten comes from the Swedish language tung sten, which directly translates to heavy stone. Its name in Swedish is volfram, however, in order to distinguish it from scheelite, which in Swedish is alternatively named tungsten.",transition metal,d,Solid,6203,3695,[Xe] 4f14 5d4 6s2 ,2.36,"-2, -1, 1, 2, 3, 4, 5, 6",770,-79,19.25,1783,J. and F. d'Elhuyar,https://storage.googleapis.com/search-ar-edu/periodic-table/element_074_tungsten/element_074_tungsten_srp_th.png,https://storage.googleapis.com/search-ar-edu/periodic-table/element_074_tungsten/element_074_tungsten.glb
75, Re , Rhenium,186.2071,159,6,7,"Rhenium is a chemical element with symbol Re and atomic number 75. It is a silvery-white, heavy, third-row transition metal in group 7 of the periodic table. With an estimated average concentration of 1 part per billion (ppb), rhenium is one of the rarest elements in the Earth's crust.",transition metal,d,Solid,5869,3459,[Xe] 4f14 5d5 6s2 ,1.9,"-3, -1, 1, 2, 3, 4, 5, 6, 7",760,-15,21.02,1925,"Noddack, Berg, and Tacke",https://storage.googleapis.com/search-ar-edu/periodic-table/element_075_rhenium/element_075_rhenium_srp_th.png,https://storage.googleapis.com/search-ar-edu/periodic-table/element_075_rhenium/element_075_rhenium.glb
76, Os , Osmium,190.233,128,6,8,"Osmium (from Greek osme (ὀσμή) meaning ""smell"") is a chemical element with symbol Os and atomic number 76. It is a hard, brittle, bluish-white transition metal in the platinum group that is found as a trace element in alloys, mostly in platinum ores. Osmium is the densest naturally occurring element, with a density of 22.59 g/cm3.",transition metal,d,Solid,5285,3306,[Xe] 4f14 5d6 6s2 ,2.2,"-2, -1, 1, 2, 3, 4, 5, 6, 7, 8",840,-106,22.59,1803,Tennant,https://storage.googleapis.com/search-ar-edu/periodic-table/element_076_osmium/element_076_osmium_srp_th.png,https://storage.googleapis.com/search-ar-edu/periodic-table/element_076_osmium/element_076_osmium.glb
77, Ir , Iridium,192.2173,137,6,9,"Iridium is a chemical element with symbol Ir and atomic number 77. A very hard, brittle, silvery-white transition metal of the platinum group, iridium is generally credited with being the second densest element (after osmium) based on measured density, although calculations involving the space lattices of the elements show that iridium is denser. It is also the most corrosion-resistant metal, even at temperatures as high as 2000 °C. Although only certain molten salts and halogens are corrosive to solid iridium, finely divided iridium dust is much more reactive and can be flammable.",transition metal,d,Solid,4403,2719,[Xe] 4f14 5d7 6s2 ,2.2,"-3, -1, 1, 2, 3, 4, 5, 6",880,-151,22.56,1803,Tennant,https://storage.googleapis.com/search-ar-edu/periodic-table/element_077_iridium/element_077_iridium_srp_th.png,https://storage.googleapis.com/search-ar-edu/periodic-table/element_077_iridium/element_077_iridium.glb
78, Pt , Platinum,195.0849,128,6,10,"Platinum is a chemical element with symbol Pt and atomic number 78. It is a dense, malleable, ductile, highly unreactive, precious, gray-white transition metal. Its name is derived from the Spanish term platina, which is literally translated into ""little silver"".",transition metal,d,Solid,4098,2041.4,[Xe] 4f14 5d9 6s1 ,2.28,"2, 4, 5, 6",870,-205,21.45,Ancient,Ulloa/Wood,https://storage.googleapis.com/search-ar-edu/periodic-table/element_078_platinum/element_078_platinum_srp_th.png,https://storage.googleapis.com/search-ar-edu/periodic-table/element_078_platinum/element_078_platinum.glb
79, Au , Gold,196.9665695,144,6,11,"Gold is a chemical element with symbol Au (from Latin:aurum) and atomic number 79. In its purest form, it is a bright, slightly reddish yellow, dense, soft, malleable and ductile metal. Chemically, gold is a transition metal and a group 11 element.",transition metal,d,Solid,3243,1337.33,[Xe] 4f14 5d10 6s1 ,2.54,"-1, 1, 2, 3, 5",890,-223,19.3,Ancient,Prehistoric,https://storage.googleapis.com/search-ar-edu/periodic-table/element_079_gold/element_079_gold_srp_th.png,https://storage.googleapis.com/search-ar-edu/periodic-table/element_079_gold/element_079_gold.glb
80, Hg , Mercury,200.5923,149,6,12,"Mercury is a chemical element with symbol Hg and atomic number 80. It is commonly known as quicksilver and was formerly named hydrargyrum (/haɪˈdrɑːrdʒərəm/). A heavy, silvery d-block element, mercury is the only metallic element that is liquid at standard conditions for temperature and pressure; the only other element that is liquid under these conditions is bromine, though metals such as caesium, gallium, and rubidium melt just above room temperature.",transition metal,d,Liquid,629.88,234.321,[Xe] 4f14 5d10 6s2 ,2,"1, 2, 4",1007,0,13.534,Ancient,Prehistoric,https://storage.googleapis.com/search-ar-edu/periodic-table/element_080_mercury/element_080_mercury_srp_th.png,https://storage.googleapis.com/search-ar-edu/periodic-table/element_080_mercury/element_080_mercury.glb
81, Tl , Thallium,204.38,148,6,13,"Thallium is a chemical element with symbol Tl and atomic number 81. This soft gray post-transition metal is not found free in nature. When isolated, it resembles tin, but discolors when exposed to air.",metal,p,Solid,1746,577,[Xe] 4f14 5d10 6s2 6p1 ,2.04,"1, 3",589,-19,11.85,1861,Crookes,https://storage.googleapis.com/search-ar-edu/periodic-table/element_081_thallium/element_081_thallium_srp_th.png,https://storage.googleapis.com/search-ar-edu/periodic-table/element_081_thallium/element_081_thallium.glb
82, Pb , Lead,207.21,147,6,14,"Lead (/lɛd/) is a chemical element in the carbon group with symbol Pb (from Latin:plumbum) and atomic number 82. Lead is a soft, malleable and heavy post-transition metal. Metallic lead has a bluish-white color after being freshly cut, but it soon tarnishes to a dull grayish color when exposed to air.",metal,p,Solid,2022,600.61,[Xe] 4f14 5d10 6s2 6p2 ,2.33,"-4, 2, 4",716,-35,11.34,Ancient,Prehistoric,https://storage.googleapis.com/search-ar-edu/periodic-table/element_082_lead/element_082_lead_srp_th.png,https://storage.googleapis.com/search-ar-edu/periodic-table/element_082_lead/element_082_lead.glb
83, Bi , Bismuth,208.980401,146,6,15,"Bismuth is a chemical element with symbol Bi and atomic number 83. Bismuth, a pentavalent post-transition metal, chemically resembles arsenic and antimony. Elemental bismuth may occur naturally, although its sulfide and oxide form important commercial ores.",metal,p,Solid,1837,544.7,[Xe] 4f14 5d10 6s2 6p3 ,2.02,"-3, 3, 5",703,-91,9.78,Ancient,Geoffroy the Younger,https://storage.googleapis.com/search-ar-edu/periodic-table/element_083_bismuth/element_083_bismuth_srp_th.png,https://storage.googleapis.com/search-ar-edu/periodic-table/element_083_bismuth/element_083_bismuth.glb
84, Po , Polonium,209,,6,16,"Polonium is a chemical element with symbol Po and atomic number 84, discovered in 1898 by Marie Curie and Pierre Curie. A rare and highly radioactive element with no stable isotopes, polonium is chemically similar to bismuth and tellurium, and it occurs in uranium ores. Applications of polonium are few.",metalloid,p,Solid,1235,527,[Xe] 4f14 5d10 6s2 6p4 ,2,"-2, 2, 4, 6",812,-183,9.196,1898,Curie,https://storage.googleapis.com/search-ar-edu/periodic-table/element_084_polonium/element_084_polonium_srp_th.png,https://storage.googleapis.com/search-ar-edu/periodic-table/element_084_polonium/element_084_polonium.glb
85, At , Astatine,210,,6,17,"Astatine is a very rare radioactive chemical element with the chemical symbol At and atomic number 85. It occurs on Earth as the decay product of various heavier elements. All its isotopes are short-lived; the most stable is astatine-210, with a half-life of 8.1 hours.",halogen,p,Solid,610,575,[Xe] 4f14 5d10 6s2 6p5 ,2.2,"-1, 1, 3, 5",920,-270,6.35,1940,Corson et al.,https://storage.googleapis.com/search-ar-edu/periodic-table/element_085_astatine/element_085_astatine_srp_th.png,https://storage.googleapis.com/search-ar-edu/periodic-table/element_085_astatine/element_085_astatine.glb
86, Rn , Radon,222,145,6,18,"Radon is a chemical element with symbol Rn and atomic number 86. It is a radioactive, colorless, odorless, tasteless noble gas, occurring naturally as a decay product of radium. Its most stable isotope, 222Rn, has a half-life of 3.8 days.",noble gas,p,Gas,211.5,202,[Xe] 4f14 5d10 6s2 6p6 ,,2,1037,,9.73,1900,Dorn,https://storage.googleapis.com/search-ar-edu/periodic-table/element_086_radon/element_086_radon_srp_th.png,https://storage.googleapis.com/search-ar-edu/periodic-table/element_086_radon/element_086_radon.glb
87, Fr , Francium,223,,7,1,"Francium is a chemical element with symbol Fr and atomic number 87. It used to be known as eka-caesium and actinium K. It is the second-least electronegative element, behind only caesium. Francium is a highly radioactive metal that decays into astatine, radium, and radon.",alkali metal,s,Solid,950,300,[Rn] 7s1 ,0.7,1,380,,1.87,1939,Perey,https://storage.googleapis.com/search-ar-edu/periodic-table/element_087_francium/element_087_francium_srp_th.png,https://storage.googleapis.com/search-ar-edu/periodic-table/element_087_francium/element_087_francium.glb
88, Ra , Radium,226,,7,2,"Radium is a chemical element with symbol Ra and atomic number 88. It is the sixth element in group 2 of the periodic table, also known as the alkaline earth metals. Pure radium is almost colorless, but it readily combines with nitrogen (rather than oxygen) on exposure to air, forming a black surface layer of radium nitride (Ra3N2).",alkaline earth metal,s,Solid,2010,1233,[Rn] 7s2 ,0.9,2,509,,5.5,1898,Pierre and Marie Curie,https://storage.googleapis.com/search-ar-edu/periodic-table/element_088_radium/element_088_radium_srp_th.png,https://storage.googleapis.com/search-ar-edu/periodic-table/element_088_radium/element_088_radium.glb
89, Ac , Actinium,227,,7,3,"Actinium is a radioactive chemical element with symbol Ac (not to be confused with the abbreviation for an acetyl group) and atomic number 89, which was discovered in 1899. It was the first non-primordial radioactive element to be isolated. Polonium, radium and radon were observed before actinium, but they were not isolated until 1902.",actinoid,f,Solid,3500,1500,[Rn] 6d1 7s2 ,1.1,3,499,,10,1899,Debierne/Giesel,https://storage.googleapis.com/search-ar-edu/periodic-table/element_089_actinium/element_089_actinium_srp_th.png,https://storage.googleapis.com/search-ar-edu/periodic-table/element_089_actinium/element_089_actinium.glb
90, Th , Thorium,232.03774,,7,3,"Thorium is a chemical element with symbol Th and atomic number 90. A radioactive actinide metal, thorium is one of only two significantly radioactive elements that still occur naturally in large quantities as a primordial element (the other being uranium). It was discovered in 1828 by the Norwegian Reverend and amateur mineralogist Morten Thrane Esmark and identified by the Swedish chemist Jöns Jakob Berzelius, who named it after Thor, the Norse god of thunder.",actinoid,f,Solid,5061,2023,[Rn] 6d2 7s2 ,1.3,"2, 3, 4",587,,11.724,1828,Berzelius,https://storage.googleapis.com/search-ar-edu/periodic-table/element_090_thorium/element_090_thorium_srp_th.png,https://storage.googleapis.com/search-ar-edu/periodic-table/element_090_thorium/element_090_thorium.glb
91, Pa , Protactinium,231.035882,,7,3,"Protactinium is a chemical element with symbol Pa and atomic number 91. It is a dense, silvery-gray metal which readily reacts with oxygen, water vapor and inorganic acids. It forms various chemical compounds where protactinium is usually present in the oxidation state +5, but can also assume +4 and even +2 or +3 states.",actinoid,f,Solid,4300,1841,[Rn] 5f2 6d1 7s2 ,1.5,"3, 4, 5",568,,15.37,1913,Hahn and Meitner,https://storage.googleapis.com/search-ar-edu/periodic-table/element_091_protactinium/element_091_protactinium_srp_th.png,https://storage.googleapis.com/search-ar-edu/periodic-table/element_091_protactinium/element_091_protactinium.glb
92, U , Uranium,238.028913,,7,3,"Uranium is a chemical element with symbol U and atomic number 92. It is a silvery-white metal in the actinide series of the periodic table. A uranium atom has 92 protons and 92 electrons, of which 6 are valence electrons.",actinoid,f,Solid,4404,1405.3,[Rn] 5f3 6d1 7s2 ,1.38,"3, 4, 5, 6",598,,19.1,1789,Peligot,https://storage.googleapis.com/search-ar-edu/periodic-table/element_092_uranium/element_092_uranium_srp_th.png,https://storage.googleapis.com/search-ar-edu/periodic-table/element_092_uranium/element_092_uranium.glb
93, Np , Neptunium,237,,7,3,"Neptunium is a chemical element with symbol Np and atomic number 93. A radioactive actinide metal, neptunium is the first transuranic element. Its position in the periodic table just after uranium, named after the planet Uranus, led to it being named after Neptune, the next planet beyond Uranus.",actinoid,f,Solid,4447,912,[Rn] 5f4 6d1 7s2 ,1.36,"3, 4, 5, 6, 7",605,,20.45,1940,McMillan and Abelson,https://storage.googleapis.com/search-ar-edu/periodic-table/element_093_neptunium/element_093_neptunium_srp_th.png,https://storage.googleapis.com/search-ar-edu/periodic-table/element_093_neptunium/element_093_neptunium.glb
94, Pu , Plutonium,244,,7,3,"Plutonium is a transuranic radioactive chemical element with symbol Pu and atomic number 94. It is an actinide metal of silvery-gray appearance that tarnishes when exposed to air, and forms a dull coating when oxidized. The element normally exhibits six allotropes and four oxidation states.",actinoid,f,Solid,3505,912.5,[Rn] 5f6 7s2 ,1.28,"3, 4, 5, 6, 7",585,,19.816,1940,Seaborg et al.,https://storage.googleapis.com/search-ar-edu/periodic-table/element_094_plutonium/element_094_plutonium_srp_th.png,https://storage.googleapis.com/search-ar-edu/periodic-table/element_094_plutonium/element_094_plutonium.glb
95, Am , Americium,243,,7,3,"Americium is a radioactive transuranic chemical element with symbol Am and atomic number 95. This member of the actinide series is located in the periodic table under the lanthanide element europium, and thus by analogy was named after the Americas. Americium was first produced in 1944 by the group of Glenn T.Seaborg from Berkeley, California, at the metallurgical laboratory of University of Chicago.",actinoid,f,Solid,2880,1449,[Rn] 5f7 7s2 ,1.3,"2, 3, 4, 5, 6",578,,12,1944,Seaborg et al.,https://storage.googleapis.com/search-ar-edu/periodic-table/element_095_americium/element_095_americium_srp_th.png,https://storage.googleapis.com/search-ar-edu/periodic-table/element_095_americium/element_095_americium.glb
96, Cm , Curium,247,,7,3,"Curium is a transuranic radioactive chemical element with symbol Cm and atomic number 96. This element of the actinide series was named after Marie and Pierre Curie – both were known for their research on radioactivity. Curium was first intentionally produced and identified in July 1944 by the group of Glenn T. Seaborg at the University of California, Berkeley.",actinoid,f,Solid,3383,1613,[Rn] 5f7 6d1 7s2 ,1.3,"3, 4",581,,13.51,1944,Seaborg et al.,https://storage.googleapis.com/search-ar-edu/periodic-table/element_096_curium/element_096_curium_srp_th.png,https://storage.googleapis.com/search-ar-edu/periodic-table/element_096_curium/element_096_curium.glb
97, Bk , Berkelium,247,,7,3,"Berkelium is a transuranic radioactive chemical element with symbol Bk and atomic number 97. It is a member of the actinide and transuranium element series. It is named after the city of Berkeley, California, the location of the University of California Radiation Laboratory where it was discovered in December 1949.",actinoid,f,Solid,2900,1259,[Rn] 5f9 7s2 ,1.3,"3, 4",601,,14.78,1949,Seaborg et al.,https://storage.googleapis.com/search-ar-edu/periodic-table/element_097_berkelium/element_097_berkelium_srp_th.png,https://storage.googleapis.com/search-ar-edu/periodic-table/element_097_berkelium/element_097_berkelium.glb
98, Cf , Californium,251,,7,3,"Californium is a radioactive metallic chemical element with symbol Cf and atomic number 98. The element was first made in 1950 at the University of California Radiation Laboratory in Berkeley, by bombarding curium with alpha particles (helium-4 ions). It is an actinide element, the sixth transuranium element to be synthesized, and has the second-highest atomic mass of all the elements that have been produced in amounts large enough to see with the unaided eye (after einsteinium).",actinoid,f,Solid,1743,1173,[Rn] 5f10 7s2 ,1.3,"2, 3, 4",608,,15.1,1950,Seaborg et al.,https://storage.googleapis.com/search-ar-edu/periodic-table/element_098_californium/element_098_californium_srp_th.png,https://storage.googleapis.com/search-ar-edu/periodic-table/element_098_californium/element_098_californium.glb
99, Es , Einsteinium,252,,7,3,"Einsteinium is a synthetic element with symbol Es and atomic number 99. It is the seventh transuranic element, and an actinide. Einsteinium was discovered as a component of the debris of the first hydrogen bomb explosion in 1952, and named after Albert Einstein.",actinoid,f,Solid,1269,1133,[Rn] 5f11 7s2 ,1.3,"2, 3",619,,8.84,1952,Ghiorso et al.,https://storage.googleapis.com/search-ar-edu/periodic-table/element_099_einsteinium/element_099_einsteinium_srp_th.png,https://storage.googleapis.com/search-ar-edu/periodic-table/element_099_einsteinium/element_099_einsteinium.glb
100, Fm , Fermium,257,,7,3,"Fermium is a synthetic element with symbol Fm and atomic number 100. It is a member of the actinide series. It is the heaviest element that can be formed by neutron bombardment of lighter elements, and hence the last element that can be prepared in macroscopic quantities, although pure fermium metal has not yet been prepared.",actinoid,f,Solid,,1800,[Rn] 5f12 7s2 ,1.3,"2, 3",627,,,1952,Ghiorso et al.,https://storage.googleapis.com/search-ar-edu/periodic-table/element_100_fermium/element_100_fermium_srp_th.png,https://storage.googleapis.com/search-ar-edu/periodic-table/element_100_fermium/element_100_fermium.glb
101, Md , Mendelevium,258,,7,3,"Mendelevium is a synthetic element with chemical symbol Md (formerly Mv) and atomic number 101. A metallic radioactive transuranic element in the actinide series, it is the first element that currently cannot be produced in macroscopic quantities through neutron bombardment of lighter elements. It is the antepenultimate actinide and the ninth transuranic element.",actinoid,f,Solid,,1100,[Rn] 5f13 7s2 ,1.3,"2, 3",635,,,1955,Ghiorso et al.,https://storage.googleapis.com/search-ar-edu/periodic-table/element_101_mendelevium/element_101_mendelevium_srp_th.png,https://storage.googleapis.com/search-ar-edu/periodic-table/element_101_mendelevium/element_101_mendelevium.glb
102, No , Nobelium,259,,7,3,"Nobelium is a synthetic chemical element with symbol No and atomic number 102. It is named in honor of Alfred Nobel, the inventor of dynamite and benefactor of science. A radioactive metal, it is the tenth transuranic element and is the penultimate member of the actinide series.",actinoid,f,Solid,,1100,[Rn] 5f14 7s2 ,1.3,"2, 3",642,,,1957,Ghiorso et al.,https://storage.googleapis.com/search-ar-edu/periodic-table/element_102_nobelium/element_102_nobelium_srp_th.png,https://storage.googleapis.com/search-ar-edu/periodic-table/element_102_nobelium/element_102_nobelium.glb
103, Lr , Lawrencium,266,,7,3,"Lawrencium is a synthetic chemical element with chemical symbol Lr (formerly Lw) and atomic number 103. It is named in honor of Ernest Lawrence, inventor of the cyclotron, a device that was used to discover many artificial radioactive elements. A radioactive metal, lawrencium is the eleventh transuranic element and is also the final member of the actinide series.",transition metal,d,Solid,,1900,[Rn] 5f14 7s2 7p1 ,1.3,3,,,,1961,Ghiorso et al.,https://storage.googleapis.com/search-ar-edu/periodic-table/element_103_lawrencium/element_103_lawrencium_srp_th.png,https://storage.googleapis.com/search-ar-edu/periodic-table/element_103_lawrencium/element_103_lawrencium.glb
104, Rf , Rutherfordium,267,,7,4,"Rutherfordium is a chemical element with symbol Rf and atomic number 104, named in honor of physicist Ernest Rutherford. It is a synthetic element (an element that can be created in a laboratory but is not found in nature) and radioactive; the most stable known isotope, 267Rf, has a half-life of approximately 1.3 hours. In the periodic table of the elements, it is a d - block element and the second of the fourth - row transition elements.",transition metal,d,Solid,5800,2400,[Rn] 5f14 6d2 7s2 ,,4,,,23.2,1969,Ghiorso et al.,https://storage.googleapis.com/search-ar-edu/periodic-table/element_104_rutherfordium/element_104_rutherfordium_srp_th.png,https://storage.googleapis.com/search-ar-edu/periodic-table/element_104_rutherfordium/element_104_rutherfordium.glb
105, Db , Dubnium,268,,7,5,"Dubnium is a chemical element with symbol Db and atomic number 105. It is named after the town of Dubna in Russia (north of Moscow), where it was first produced. It is a synthetic element (an element that can be created in a laboratory but is not found in nature) and radioactive; the most stable known isotope, dubnium-268, has a half-life of approximately 28 hours.",transition metal,d,Solid,,,[Rn] 5f14 6d3 7s2 ,,,,,29.3,1967,Ghiorso et al.,https://storage.googleapis.com/search-ar-edu/periodic-table/element_105_dubnium/element_105_dubnium_srp_th.png,https://storage.googleapis.com/search-ar-edu/periodic-table/element_105_dubnium/element_105_dubnium.glb
106, Sg , Seaborgium,269,,7,6,Seaborgium is a synthetic element with symbol Sg and atomic number 106. Its most stable isotope 271Sg has a half-life of 1.9 minutes. A more recently discovered isotope 269Sg has a potentially slightly longer half-life (ca.,transition metal,d,Solid,,,[Rn] 5f14 6d4 7s2 ,,,,,35,1974,Ghiorso et al.,https://storage.googleapis.com/search-ar-edu/periodic-table/element_106_seaborgium/element_106_seaborgium_srp_th.png,https://storage.googleapis.com/search-ar-edu/periodic-table/element_106_seaborgium/element_106_seaborgium.glb
107, Bh , Bohrium,270,,7,7,"Bohrium is a chemical element with symbol Bh and atomic number 107. It is named after Danish physicist Niels Bohr. It is a synthetic element (an element that can be created in a laboratory but is not found in nature) and radioactive; the most stable known isotope, 270Bh, has a half-life of approximately 61 seconds.",transition metal,d,Solid,,,[Rn] 5f14 6d5 7s2 ,,,,,37.1,1976,Armbruster and Münzenberg,https://storage.googleapis.com/search-ar-edu/periodic-table/element_107_bohrium/element_107_bohrium_srp_th.png,https://storage.googleapis.com/search-ar-edu/periodic-table/element_107_bohrium/element_107_bohrium.glb
108, Hs , Hassium,269,,7,8,"Hassium is a chemical element with symbol Hs and atomic number 108, named after the German state of Hesse. It is a synthetic element (an element that can be created in a laboratory but is not found in nature) and radioactive; the most stable known isotope, 269Hs, has a half-life of approximately 9.7 seconds, although an unconfirmed metastable state, 277mHs, may have a longer half-life of about 130 seconds. More than 100 atoms of hassium have been synthesized to date.",transition metal,d,Solid,,126,[Rn] 5f14 6d6 7s2 ,,,,,40.7,1984,Armbruster and Münzenberg,https://storage.googleapis.com/search-ar-edu/periodic-table/element_108_hassium/element_108_hassium_srp_th.png,https://storage.googleapis.com/search-ar-edu/periodic-table/element_108_hassium/element_108_hassium.glb
109, Mt , Meitnerium,278,,7,9,"Meitnerium is a chemical element with symbol Mt and atomic number 109. It is an extremely radioactive synthetic element (an element not found in nature that can be created in a laboratory). The most stable known isotope, meitnerium-278, has a half-life of 7.6 seconds.",transition metal,d,Solid,,,[Rn] 5f14 6d7 7s2 ,,,,,37.4,1982,"GSI, Darmstadt, West Germany",https://storage.googleapis.com/search-ar-edu/periodic-table/element_109_meitnerium/element_109_meitnerium_srp_th.png,https://storage.googleapis.com/search-ar-edu/periodic-table/element_109_meitnerium/element_109_meitnerium.glb
110, Ds , Darmstadtium,281,,7,10,"Darmstadtium is a chemical element with symbol Ds and atomic number 110. It is an extremely radioactive synthetic element. The most stable known isotope, darmstadtium-281, has a half-life of approximately 10 seconds.",transition metal,d,Solid,,,[Rn] 5f14 6d9 7s1 ,,,,,34.8,1994,,https://storage.googleapis.com/search-ar-edu/periodic-table/element_110_darmstadtium/element_110_darmstadtium_srp_th.png,https://storage.googleapis.com/search-ar-edu/periodic-table/element_110_darmstadtium/element_110_darmstadtium.glb
111, Rg , Roentgenium,282,,7,11,"Roentgenium is a chemical element with symbol Rg and atomic number 111. It is an extremely radioactive synthetic element (an element that can be created in a laboratory but is not found in nature); the most stable known isotope, roentgenium-282, has a half-life of 2.1 minutes. Roentgenium was first created in 1994 by the GSI Helmholtz Centre for Heavy Ion Research near Darmstadt, Germany.",transition metal,d,Solid,,,[Rn] 5f14 6d10 7s1 ,,,,,28.7,1994,,https://storage.googleapis.com/search-ar-edu/periodic-table/element_111_roentgenium/element_111_roentgenium_srp_th.png,https://storage.googleapis.com/search-ar-edu/periodic-table/element_111_roentgenium/element_111_roentgenium.glb
112, Cn , Copernicium,285,,7,12,"Copernicium is a chemical element with symbol Cn and atomic number 112. It is an extremely radioactive synthetic element that can only be created in a laboratory. The most stable known isotope, copernicium-285, has a half-life of approximately 29 seconds, but it is possible that this copernicium isotope may have a nuclear isomer with a longer half-life, 8.9 min.",transition metal,d,Liquid,3570,,[Rn] 5f14 6d10 7s2 ,,,,,14,1996,,https://storage.googleapis.com/search-ar-edu/periodic-table/element_112_copernicium/element_112_copernicium_srp_th.png,https://storage.googleapis.com/search-ar-edu/periodic-table/element_112_copernicium/element_112_copernicium.glb
113, Nh , Nihonium,286,,7,13,"Nihonium is a chemical element with atomic number 113. It has a symbol Nh. It is a synthetic element (an element that can be created in a laboratory but is not found in nature) and is extremely radioactive; its most stable known isotope, nihonium-286, has a half-life of 20 seconds.",post-transition metal,p,Solid,1430,700,[Rn] 5f14 6d10 7s2 7p1 ,,,,,16,2003,,https://storage.googleapis.com/search-ar-edu/periodic-table/element_113_nihonium/element_113_nihonium_srp_th.png,https://storage.googleapis.com/search-ar-edu/periodic-table/element_113_nihonium/element_113_nihonium.glb
114, Fl , Flerovium,289,,7,14,"Flerovium is a superheavy artificial chemical element with symbol Fl and atomic number 114. It is an extremely radioactive synthetic element. The element is named after the Flerov Laboratory of Nuclear Reactions of the Joint Institute for Nuclear Research in Dubna, Russia, where the element was discovered in 1998.",post-transition metal,p,Solid,420,340,[Rn] 5f14 6d10 7s2 7p2 ,,,,,14,1998,,https://storage.googleapis.com/search-ar-edu/periodic-table/element_114_flerovium/element_114_flerovium_srp_th.png,https://storage.googleapis.com/search-ar-edu/periodic-table/element_114_flerovium/element_114_flerovium.glb
115, Mc , Moscovium,289,,7,15,"Moscovium is the name of a synthetic superheavy element in the periodic table that has the symbol Mc and has the atomic number 115. It is an extremely radioactive element; its most stable known isotope, moscovium-289, has a half-life of only 220 milliseconds. It is also known as eka-bismuth or simply element 115.",post-transition metal,p,Solid,1400,670,[Rn] 5f14 6d10 7s2 7p3 ,,,,,13.5,2003,,https://storage.googleapis.com/search-ar-edu/periodic-table/element_115_moscovium/element_115_moscovium_srp_th.png,https://storage.googleapis.com/search-ar-edu/periodic-table/element_115_moscovium/element_115_moscovium.glb
116, Lv , Livermorium,293,,7,16,"Livermorium is a synthetic superheavy element with symbol Lv and atomic number 116. It is an extremely radioactive element that has only been created in the laboratory and has not been observed in nature. The element is named after the Lawrence Livermore National Laboratory in the United States, which collaborated with the Joint Institute for Nuclear Research in Dubna, Russia to discover livermorium in 2000.",post-transition metal,p,Solid,1085,709,[Rn] 5f14 6d10 7s2 7p4 ,,,,,12.9,2000,,https://storage.googleapis.com/search-ar-edu/periodic-table/element_116_livermorium/element_116_livermorium_srp_th.png,https://storage.googleapis.com/search-ar-edu/periodic-table/element_116_livermorium/element_116_livermorium.glb
117, Ts , Tennessine,294,,7,17,"Tennessine is a superheavy artificial chemical element with an atomic number of 117 and a symbol of Ts. Also known as eka-astatine or element 117, it is the second-heaviest known element and penultimate element of the 7th period of the periodic table. As of 2016, fifteen tennessine atoms have been observed:six when it was first synthesized in 2010, seven in 2012, and two in 2014.",post-transition metal,p,Solid,883,723,[Rn] 5f14 6d10 7s2 7p5 ,,,,,7.17,2010,,https://storage.googleapis.com/search-ar-edu/periodic-table/element_117_tennessine/element_117_tennessine_srp_th.png,https://storage.googleapis.com/search-ar-edu/periodic-table/element_117_tennessine/element_117_tennessine.glb
118, Og , Oganesson,294,,7,18,"Oganesson is IUPAC's name for the transactinide element with the atomic number 118 and element symbol Og. It is also known as eka-radon or element 118, and on the periodic table of the elements it is a p-block element and the last one of the 7th period. Oganesson is currently the only synthetic member of group 18.",noble gas,p,Solid,350,,[Rn] 5f14 6d10 7s2 7p6 ,,,,,4.95,2002,,https://storage.googleapis.com/search-ar-edu/periodic-table/element_118_oganesson/element_118_oganesson_srp_th.png,https://storage.googleapis.com/search-ar-edu/periodic-table/element_118_oganesson/element_118_oganesson.glb
,,,315,,8,1,"Ununennium, also known as eka-francium or simply element 119, is the hypothetical chemical element with symbol Uue and atomic number 119. Ununennium and Uue are the temporary systematic IUPAC name and symbol respectively, until a permanent name is decided upon. In the periodic table of the elements, it is expected to be an s-block element, an alkali metal, and the first element in the eighth period.",,s,Solid,630,,,,,,,3,,,,
